x,pdf,region_size
41,7.849617779565289e-5,8192
42,8.793107827144066e-5,8192
43,1.0180915862245407e-4,8192
44,1.2435418243378414e-4,8192
45,1.4399194040083077e-4,8192
46,1.7048645743458364e-4,8192
47,2.0301492244703798e-4,8192
48,2.3834094515870846e-4,8192
49,2.792072291962776e-4,8192
50,3.2758852117095673e-4,8192
51,3.7629893758083774e-4,8192
52,4.24351105120315e-4,8192
53,4.95935669776728e-4,8192
54,5.716891439456985e-4,8192
55,6.507338624666878e-4,8192
56,7.138160458803851e-4,8192
57,8.115111490628155e-4,8192
58,8.773360361031952e-4,8192
59,0.0010010319696665756,8192
60,0.0011065163511487842,8192
61,0.0012383306874471447,8192
62,0.0013738751006777935,8192
63,0.0014883006959829869,8192
64,0.0016457867382270955,8192
65,0.0018308095248830963,8192
66,0.002009140114689992,8192
67,0.0022051337158527228,8192
68,0.0024205456586923655,8192
69,0.002668321504326862,8192
70,0.0029354608375657364,8192
71,0.0032328796188431856,8192
72,0.0035273911342763517,8192
73,0.003866005324026572,8192
74,0.00422787764053106,8192
75,0.004584483966072317,8192
76,0.005031599511294097,8192
77,0.00542616485502864,8192
78,0.0058737740869032225,8192
79,0.0063746466232079795,8192
80,0.006865206593876409,8192
81,0.0073755688847294875,8192
82,0.007858339577098139,8192
83,0.008409568151988787,8192
84,0.0089434628399588,8192
85,0.009470171644426905,8192
86,0.009976145609477292,8192
87,0.010510150005592373,8192
88,0.011045800023883463,8192
89,0.011542009964022859,8192
90,0.012044637830648693,8192
91,0.012553738477833497,8192
92,0.012931573329445277,8192
93,0.013385381071516161,8192
94,0.01378559638472167,8192
95,0.014139953693289048,8192
96,0.014511919159139727,8192
97,0.014831060153140502,8192
98,0.01500445387641937,8192
99,0.015304999339831237,8192
100,0.015489473585761901,8192
101,0.015678281303422723,8192
102,0.015766322089839233,8192
103,0.015907077639960576,8192
104,0.015906474245162706,8192
105,0.015897752447629858,8192
106,0.01601788286647855,8192
107,0.015985354401466097,8192
108,0.01585469200069094,8192
109,0.01584278866695114,8192
110,0.015675264329433374,8192
111,0.015525403003271442,8192
112,0.015365174257400652,8192
113,0.015130343972884095,8192
114,0.014931223689586947,8192
115,0.014804620490179284,8192
116,0.014461288850191168,8192
117,0.014245108950336056,8192
118,0.014011979142068044,8192
119,0.013753232481926817,8192
120,0.013398326632634103,8192
121,0.013134149419312045,8192
122,0.012816215214907011,8192
123,0.012486103406399506,8192
124,0.01222554656186467,8192
125,0.01190887400112791,8192
126,0.011599058199457855,8192
127,0.011255781413542275,8192
128,0.010925724459107304,8192
129,0.010638673097538714,8192
130,0.010332258248365747,8192
131,0.010040050603978994,8192
132,0.009711035876922161,8192
133,0.00941882823253541,8192
134,0.009135177823463906,8192
135,0.00879135249682299,8192
136,0.008560581413673924,8192
137,0.008256360727402302,8192
138,0.0079614652334614,8192
139,0.007625648601410397,8192
140,0.007399978947006961,8192
141,0.007159059860439172,8192
142,0.006879084674227423,8192
143,0.0066389883987476375,8192
144,0.0063863853947301805,8192
145,0.006141571669012501,8192
146,0.005892150201201996,8192
147,0.0056726242029223285,8192
148,0.005458693320041095,8192
149,0.005242732836476115,8192
150,0.0050484397115619275,8192
151,0.004849374282337312,8192
152,0.0046461399436001395,8192
153,0.004458155037027321,8192
154,0.004264629869128605,8192
155,0.004063973671800514,8192
156,0.003920859396560222,8192
157,0.003787838270666121,8192
158,0.0036233309071377054,8192
159,0.00343523629241982,8192
160,0.003312856856597247,8192
161,0.003185540554246646,8192
162,0.0030429199656591566,8192
163,0.002916207058106425,8192
164,0.00276914328964371,8192
165,0.0026520298447843677,8192
166,0.0025474779825352314,8192
167,0.002425153400785192,8192
168,0.002321643765914195,8192
169,0.002214952594836246,8192
170,0.002124882207735993,8192
171,0.002044520991474196,8192
172,0.001954779728809145,8192
173,0.0018661904016673005,8192
174,0.0017642166808272456,8192
175,0.0017019024544290193,8192
176,0.0016147393331730497,8192
177,0.0015398635241646178,8192
178,0.001472447869020762,8192
179,0.0014134797410470885,8192
180,0.001335861228411974,8192
181,0.001282433361764199,8192
182,0.0012355879838204622,8192
183,0.001158079179330415,8192
184,0.0011166095004949757,8192
185,0.0010648272560232102,8192
186,0.0010120576382458392,8192
187,9.738243496898852e-4,8192
188,9.268144095285473e-4,8192
189,8.921466356872806e-4,8192
190,8.479891072976926e-4,8192
191,8.088232995086666e-4,8192
192,7.640623763212084e-4,8192
193,7.458508242400366e-4,8192
194,7.010899010525784e-4,8192
195,6.703716204337345e-4,8192
196,6.485945536378755e-4,8192
197,6.039433385954846e-4,8192
198,5.863351813121829e-4,8192
199,5.591275613354926e-4,8192
200,5.312068384158648e-4,8192
201,5.195777750387311e-4,8192
202,4.8419689825452696e-4,8192
203,4.617615825882642e-4,8192
204,4.455796311908375e-4,8192
205,4.191399682296183e-4,8192
206,4.1370941504878696e-4,8192
207,3.860081084192938e-4,8192
208,3.6812568077332396e-4,8192
209,3.485976309513446e-4,8192
210,3.413568933769028e-4,8192
211,3.230356331506638e-4,8192
212,3.134361704572751e-4,8192
213,2.9566345095637255e-4,8192
214,2.847474905221762e-4,8192
215,2.776713151653354e-4,8192
216,2.619830504207115e-4,8192
217,2.5891122235882717e-4,8192
218,2.4393606055714075e-4,8192
219,2.3658561483763167e-4,8192
220,2.30112834278661e-4,8192
221,2.2287209670421922e-4,8192
222,2.1255953106789305e-4,8192
223,2.0290521430197067e-4,8192
224,1.9566447672752892e-4,8192
225,1.8738151177494778e-4,8192
226,1.8217037488425106e-4,8192
227,1.8052475270824154e-4,8192
228,1.7443595065700642e-4,8192
229,1.6324571986014186e-4,8192
230,1.5529187934276264e-4,8192
231,1.5282344607874839e-4,8192
232,1.4964190987179672e-4,8192
233,1.4196233971708574e-4,8192
234,1.4229146415228763e-4,8192
235,1.3406335327224015e-4,8192
236,1.3016871412235102e-4,8192
237,1.224342898951064e-4,8192
238,1.2473816094151968e-4,8192
239,1.1689402856920776e-4,8192
240,1.1585180119106842e-4,8192
241,1.1124405909824184e-4,8192
242,1.1102464280810724e-4,8192
243,1.0312565636326166e-4,8192
244,9.840820612536777e-5,8192
245,1.0060236902671377e-4,8192
246,9.35810477424066e-5,8192
247,9.939557943097348e-5,8192
248,9.533637806348339e-5,8192
249,9.188057149386344e-5,8192
250,8.809564048904161e-5,8192
251,8.326848210608043e-5,8192
252,8.425585541168612e-5,8192
253,8.321362803354678e-5,8192
254,7.997723775406143e-5,8192
255,7.997723775406143e-5,8192
256,8.025150811672968e-5,8192
257,7.701511783724435e-5,8192
258,7.361416534015806e-5,8192
259,7.49855171534993e-5,8192
260,6.993894248040352e-5,8192
261,6.604430333051439e-5,8192
262,7.246222981695141e-5,8192
263,6.670255220091818e-5,8192
264,7.114573207614382e-5,8192
265,6.544090853264423e-5,8192
266,6.00103553518129e-5,8192
267,6.24239345432935e-5,8192
268,5.8803565756072605e-5,8192
269,6.072345829475035e-5,8192
270,5.693852728992851e-5,8192
271,5.386669922804412e-5,8192
272,5.490892660618347e-5,8192
273,5.759677616033231e-5,8192
274,5.787104652300056e-5,8192
275,5.5457467331519966e-5,8192
276,5.271476370483748e-5,8192
277,5.419582366324602e-5,8192
278,5.457980217098157e-5,8192
279,5.3373012575241276e-5,8192
280,5.150797410909718e-5,8192
281,4.9972060078154984e-5,8192
282,4.860070826481374e-5,8192
283,4.903954084508294e-5,8192
284,4.920410306268389e-5,8192
285,4.876527048241469e-5,8192
286,4.7668189031741694e-5,8192
287,4.42672365346554e-5,8192
288,4.41575283895881e-5,8192
289,4.4870631332525553e-5,8192
290,4.585800463813125e-5,8192
291,4.295073879384781e-5,8192
292,4.234734399597766e-5,8192
293,4.1524532907972915e-5,8192
294,4.179880327064116e-5,8192
295,4.410267431705446e-5,8192
296,4.168909512557386e-5,8192
297,4.004347294956437e-5,8192
298,4.0482305529833566e-5,8192
299,3.741047746794918e-5,8192
300,4.1743949198107514e-5,8192
51,2.04172070652817e-5,16384
52,2.180928936518727e-5,16384
53,2.4941474539974804e-5,16384
54,2.2853351090116448e-5,16384
55,1.7749049323796023e-5,16384
56,2.9581748872993372e-5,16384
57,2.3317378523418305e-5,16384
58,2.1925296223512734e-5,16384
59,2.3085364806767375e-5,16384
60,2.4477447106672947e-5,16384
61,2.598553626490398e-5,16384
62,3.0857824314573475e-5,16384
63,2.5521508831602126e-5,16384
64,3.1321851747875335e-5,16384
65,2.737761856480955e-5,16384
66,2.9697755731318837e-5,16384
67,3.5382091789266584e-5,16384
68,4.1182434705539794e-5,16384
69,4.037038669726154e-5,16384
70,4.721479133846393e-5,16384
71,5.742339487110478e-5,16384
72,6.183165548747242e-5,16384
73,7.540445791155173e-5,16384
74,8.306091056103237e-5,16384
75,1.0127398731813025e-4,16384
76,1.176309543420207e-4,16384
77,1.34451948799213e-4,16384
78,1.5672526559770214e-4,16384
79,1.863070144706955e-4,16384
80,2.1925296223512735e-4,16384
81,2.542870334494175e-4,16384
82,3.102023391622913e-4,16384
83,3.542849453259677e-4,16384
84,4.3073346496244857e-4,16384
85,4.8525668837541677e-4,16384
86,5.55788858237299e-4,16384
87,6.454621597228828e-4,16384
88,7.506803802240789e-4,16384
89,8.512583263922563e-4,16384
90,9.822300694417054e-4,16384
91,0.0011041532775417683,16384
92,0.0012539181316399426,16384
93,0.0014357008786359449,16384
94,0.0016072750220993066,16384
95,0.0017856935702038705,16384
96,0.0019870814762568763,16384
97,0.002187889348018255,16384
98,0.002434867949393168,16384
99,0.0026928672023090005,16384
100,0.002934393481342617,16384
101,0.0032435517587799793,16384
102,0.003558394372275289,16384
103,0.003825558166998833,16384
104,0.004135760506161124,16384
105,0.004467656127830277,16384
106,0.0047760023572593615,16384
107,0.005176342025340538,16384
108,0.005509397715592946,16384
109,0.005841641357837075,16384
110,0.0062227238874362255,16384
111,0.006607054609068488,16384
112,0.006991501337559077,16384
113,0.007329893343294456,16384
114,0.00772211253129285,16384
115,0.008060388530169904,16384
116,0.00839170411754743,16384
117,0.008765362208213749,16384
118,0.00915305712873745,16384
119,0.009483096640673396,16384
120,0.009783438396878024,16384
121,0.010052922328768078,16384
122,0.010437949091550292,16384
123,0.010660566252676858,16384
124,0.010951511453357123,16384
125,0.011247096928370405,16384
126,0.011531313731267792,16384
127,0.011713908526272073,16384
128,0.011920052713516423,16384
129,0.01203188332494217,16384
130,0.012364358980902952,16384
131,0.012475957578612048,16384
132,0.012610757547986236,16384
133,0.012680825690414817,16384
134,0.012772819129066911,16384
135,0.012854139936753061,16384
136,0.01292780429178973,16384
137,0.013015969504117084,16384
138,0.01303139841627437,16384
139,0.013073276892129863,16384
140,0.01303522664259911,16384
141,0.012984647652369207,16384
142,0.012959126143537607,16384
143,0.01297536710370317,16384
144,0.012974091028261591,16384
145,0.01287154096550188,16384
146,0.012699618801463542,16384
147,0.012656928277599771,16384
148,0.012549389919932066,16384
149,0.012435703198773112,16384
150,0.012318304258147741,16384
151,0.012147426155834333,16384
152,0.012047544250816108,16384
153,0.011877130175936002,16384
154,0.01176796772225174,16384
155,0.011549990835458192,16384
156,0.01140092202250997,16384
157,0.01114315478331079,16384
158,0.011061137934474686,16384
159,0.010778777241310506,16384
160,0.010654185875468958,16384
161,0.010445605544199774,16384
162,0.01025512228282936,16384
163,0.010100253126964866,16384
164,0.009755016716588285,16384
165,0.00964875443436216,16384
166,0.009431937616151867,16384
167,0.009188207206810066,16384
168,0.009019417227946516,16384
169,0.00880144034115297,16384
170,0.00862441387534831,16384
171,0.008390428042105848,16384
172,0.008203540993343526,16384
173,0.007937885287778213,16384
174,0.007805521462428858,16384
175,0.0075865005139103825,16384
176,0.007361447208758982,16384
177,0.007188829003570691,16384
178,0.0069867450563677325,16384
179,0.006769000183290836,16384
180,0.006585129312844975,16384
181,0.006364484268309942,16384
182,0.006226204093185989,16384
183,0.006021219974524894,16384
184,0.00592157008322332,16384
185,0.005657654480532889,16384
186,0.005442925785772455,16384
187,0.005340259716154419,16384
188,0.005171817757865845,16384
189,0.0050299413701338025,16384
190,0.004842010259646551,16384
191,0.0046736843082163014,16384
192,0.004537724270258858,16384
193,0.004424037549099903,16384
194,0.004219053430438807,16384
195,0.0040769450289901135,16384
196,0.003969174657605758,16384
197,0.003803168843342018,16384
198,0.0036766053609089367,16384
199,0.0035603664888668217,16384
200,0.0034300907869673253,16384
201,0.0033306729093824025,16384
202,0.0031659431705602435,16384
203,0.0030715135878833155,16384
204,0.0029436740300086543,16384
205,0.002894951149511959,16384
206,0.002779408318619797,16384
207,0.0026781343313016666,16384
208,0.0026038899419733694,16384
209,0.0024614335199496995,16384
210,0.0023805767396968508,16384
211,0.00230795644638511,16384
212,0.002193689690934528,16384
213,0.0021433427144212764,16384
214,0.0020443888642696557,16384
215,0.0019822091882072067,16384
216,0.0018889396741135335,16384
217,0.0018317482929590798,16384
218,0.001751587553856184,16384
219,0.0016884798229271315,16384
220,0.0016199197696567821,16384
221,0.001539643023695561,16384
222,0.001515397590305539,16384
223,0.0014433573312854257,16384
224,0.0014069311777712297,16384
225,0.0013243342946434994,16384
226,0.0012841959216628887,16384
227,0.0012422014389490707,16384
228,0.0011894183184109845,16384
229,0.0011454517191056336,16384
230,0.0010869842625095996,16384
231,0.0010342011419715133,16384
232,0.0010212083738390613,16384
233,9.605367869348436e-4,16384
234,9.205144208125584e-4,16384
235,8.851323290232919e-4,16384
236,8.55434573291973e-4,16384
237,8.139041180114568e-4,16384
238,7.733017175975443e-4,16384
239,7.622810660566253e-4,16384
240,7.270149811256842e-4,16384
241,7.180824530346234e-4,16384
242,6.793361623539184e-4,16384
243,6.509144820641796e-4,16384
244,6.190125960246769e-4,16384
245,6.093840267836634e-4,16384
246,5.73537907561095e-4,16384
247,5.579929885454828e-4,16384
248,5.260911025059802e-4,16384
249,5.20058745873056e-4,16384
250,4.7620815342603055e-4,16384
251,4.805004071840727e-4,16384
252,4.605472275520929e-4,16384
253,4.243530877545481e-4,16384
254,4.273692660710101e-4,16384
255,4.056759835641483e-4,16384
256,3.962794280397857e-4,16384
257,3.892030096819324e-4,16384
258,3.651895900085613e-4,16384
259,3.526608493094112e-4,16384
260,3.311995805192003e-4,16384
261,3.295754845026438e-4,16384
262,3.1611868893688996e-4,16384
263,2.975575916048157e-4,16384
264,2.9117721439691515e-4,16384
265,2.755162885229775e-4,16384
266,2.8653694006389657e-4,16384
267,2.6229150667387457e-4,16384
268,2.52662937432861e-4,16384
269,2.4871870424979524e-4,16384
270,2.2308118855986767e-4,16384
271,2.231971954181931e-4,16384
272,2.2667740116795706e-4,16384
273,2.1020442728574113e-4,16384
274,2.0521613237774617e-4,16384
275,2.034760295028642e-4,16384
276,1.91179302520365e-4,16384
277,1.8839513792055386e-4,16384
278,1.7865056182121488e-4,16384
279,1.7424230120484724e-4,16384
280,1.698340405884796e-4,16384
281,1.7157414346336155e-4,16384
282,1.6519376625546102e-4,16384
283,1.5046089524812706e-4,16384
284,1.542891215728674e-4,16384
285,1.4802475122329233e-4,16384
286,1.3781614769065148e-4,16384
287,1.3758413397400054e-4,16384
288,1.3654007224907135e-4,16384
289,1.37700140832326e-4,16384
290,1.2841959216628888e-4,16384
291,1.2412733840824668e-4,16384
292,1.2134317380843556e-4,16384
293,1.0974248797588913e-4,16384
294,1.0707433023440346e-4,16384
295,1.1461477602555863e-4,16384
296,1.0927846054258728e-4,16384
297,1.0104197360147931e-4,16384
298,1.0417415877626686e-4,16384
299,9.709774041841353e-5,16384
300,1.017380147514321e-4,16384
301,9.315350723534775e-5,16384
302,9.210944551041858e-5,16384
303,8.828121918567825e-5,16384
304,9.141340436046579e-5,16384
305,9.141340436046579e-5,16384
306,8.16688282611268e-5,16384
307,8.538104772754165e-5,16384
308,8.839722604400372e-5,16384
309,7.563647162820266e-5,16384
310,8.155282140280133e-5,16384
311,8.213285569442865e-5,16384
312,7.71445607864337e-5,16384
313,7.38963687533207e-5,16384
314,7.48244236199244e-5,16384
315,7.215626587843874e-5,16384
316,6.821203269537296e-5,16384
317,7.157623158681141e-5,16384
318,6.670394353714192e-5,16384
319,7.018414928690584e-5,16384
320,6.391977893733077e-5,16384
321,5.858346345435942e-5,16384
322,6.368776522067985e-5,16384
323,6.241168977909975e-5,16384
324,6.310773092905253e-5,16384
325,5.893148402933581e-5,16384
326,5.5451278279571886e-5,16384
327,6.009155261259046e-5,16384
328,5.672735372115199e-5,16384
329,5.881547717101035e-5,16384
330,5.684336057947746e-5,16384
331,5.9743532037614066e-5,16384
332,5.579929885454828e-5,16384
333,5.649534000450107e-5,16384
334,5.429120969631725e-5,16384
335,5.7771415446081175e-5,16384
336,5.220308624645889e-5,16384
337,5.1275031379855175e-5,16384
338,4.849086678004404e-5,16384
339,5.255110682143528e-5,16384
340,5.046298337157693e-5,16384
341,4.361857873037454e-5,16384
342,5.1391038238180644e-5,16384
343,5.231909310478436e-5,16384
344,4.443062673865279e-5,16384
345,5.18550656714825e-5,16384
346,4.5474688463581966e-5,16384
347,4.5242674746931036e-5,16384
348,4.396659930535093e-5,16384
349,4.559069532190743e-5,16384
350,4.164646213884165e-5,16384
351,4.454663359697825e-5,16384
352,4.466264045530372e-5,16384
353,4.222649643046897e-5,16384
354,4.40826061636764e-5,16384
355,4.617072961353475e-5,16384
356,4.141444842219072e-5,16384
357,4.443062673865279e-5,16384
358,3.92103181140069e-5,16384
359,4.361857873037454e-5,16384
360,4.08344141305634e-5,16384
361,4.1530455280516186e-5,16384
362,4.164646213884165e-5,16384
363,3.9558338688983295e-5,16384
364,3.828226324740319e-5,16384
365,4.2922537580421754e-5,16384
366,4.025437983893608e-5,16384
367,4.013837298061061e-5,16384
368,3.642615351419576e-5,16384
369,4.037038669726154e-5,16384
370,3.700618780582308e-5,16384
371,3.874629068070504e-5,16384
372,3.480205749763926e-5,16384
373,3.770222895577587e-5,16384
374,3.7354208380799475e-5,16384
375,3.665816723084669e-5,16384
376,3.631014665587029e-5,16384
377,3.561410550591751e-5,16384
378,3.79342426724268e-5,16384
379,3.654216037252122e-5,16384
380,3.8862297539030504e-5,16384
381,3.7122194664148544e-5,16384
382,3.224990661447905e-5,16384
383,3.282994090610637e-5,16384
384,3.43380300643374e-5,16384
385,4.071840727223793e-5,16384
386,3.6890180947497614e-5,16384
387,3.5266084930941116e-5,16384
388,3.259792718945544e-5,16384
389,3.677417408917215e-5,16384
390,3.27139340477809e-5,16384
391,3.201789289782812e-5,16384
392,3.816625638907772e-5,16384
393,3.14378586062008e-5,16384
394,3.457004378098833e-5,16384
395,3.1553865464526265e-5,16384
396,3.178587918117719e-5,16384
397,3.27139340477809e-5,16384
398,2.98137625896443e-5,16384
399,3.213389975615358e-5,16384
400,3.387400263103555e-5,16384
401,3.27139340477809e-5,16384
402,3.340997519773369e-5,16384
403,3.039379688127162e-5,16384
404,2.9581748872993372e-5,16384
405,2.9117721439691515e-5,16384
406,2.934973515634244e-5,16384
407,2.9697755731318837e-5,16384
408,2.9581748872993372e-5,16384
409,2.5753522548253053e-5,16384
410,3.224990661447905e-5,16384
411,3.27139340477809e-5,16384
412,2.7493625423135016e-5,16384
413,2.9581748872993372e-5,16384
414,2.9581748872993372e-5,16384
415,3.039379688127162e-5,16384
416,2.7957652856436873e-5,16384
417,3.224990661447905e-5,16384
418,2.7841645998111408e-5,16384
419,2.517348825662573e-5,16384
420,2.4941474539974804e-5,16384
421,3.097383117289894e-5,16384
422,2.9697755731318837e-5,16384
423,2.934973515634244e-5,16384
424,2.6333556839880375e-5,16384
425,2.621754998155491e-5,16384
426,2.7725639139785943e-5,16384
427,2.7493625423135016e-5,16384
428,2.621754998155491e-5,16384
429,2.6101543123229445e-5,16384
430,2.598553626490398e-5,16384
431,2.621754998155491e-5,16384
432,2.6565570556531302e-5,16384
433,2.6565570556531302e-5,16384
434,2.424543339002202e-5,16384
435,2.436144024834748e-5,16384
436,2.6333556839880375e-5,16384
437,2.5521508831602126e-5,16384
438,2.459345396499841e-5,16384
439,2.737761856480955e-5,16384
440,2.320137166509284e-5,16384
441,2.4129426531696555e-5,16384
442,2.04172070652817e-5,16384
443,2.3433385381743767e-5,16384
444,2.5637515689927588e-5,16384
445,2.2621337373465518e-5,16384
446,2.6333556839880375e-5,16384
447,2.505748139830027e-5,16384
448,2.2737344231790983e-5,16384
449,2.2273316798489126e-5,16384
450,2.3085364806767375e-5,16384
451,2.1925296223512734e-5,16384
452,2.702959798983316e-5,16384
453,1.960515905700345e-5,16384
454,2.3549392240069232e-5,16384
455,2.2737344231790983e-5,16384
456,2.1693282506861807e-5,16384
457,2.122925507355995e-5,16384
458,2.5289495114951196e-5,16384
459,2.134526193188541e-5,16384
460,2.2505330515140056e-5,16384
461,2.3549392240069232e-5,16384
462,2.2969357948441913e-5,16384
463,2.1461268790210877e-5,16384
464,2.0649220781932628e-5,16384
465,2.238932365681459e-5,16384
466,2.320137166509284e-5,16384
467,2.2621337373465518e-5,16384
468,2.134526193188541e-5,16384
469,2.3897412815045624e-5,16384
470,2.0881234498583558e-5,16384
471,2.3665399098394697e-5,16384
472,2.540550197327666e-5,16384
473,1.8445090473748807e-5,16384
474,1.6472973882215917e-5,16384
475,1.902512476537613e-5,16384
476,2.04172070652817e-5,16384
477,1.87931110487252e-5,16384
478,2.1461268790210877e-5,16384
479,1.9721165915328913e-5,16384
480,1.983717277365438e-5,16384
481,1.8329083615423345e-5,16384
482,2.2969357948441913e-5,16384
483,1.635696702389045e-5,16384
484,2.1461268790210877e-5,16384
485,2.2273316798489126e-5,16384
486,1.960515905700345e-5,16384
487,1.821307675709788e-5,16384
488,2.0765227640258093e-5,16384
489,1.705300817384324e-5,16384
490,1.8329083615423345e-5,16384
491,2.180928936518727e-5,16384
492,2.0765227640258093e-5,16384
493,2.0765227640258093e-5,16384
494,1.902512476537613e-5,16384
495,1.8677104190399737e-5,16384
496,1.7865056182121488e-5,16384
497,2.0765227640258093e-5,16384
498,1.740102874881963e-5,16384
499,1.600894644891406e-5,16384
500,1.983717277365438e-5,16384
51,3.1117664748728265e-5,32768
52,3.134480098777008e-5,32768
53,3.17990734658537e-5,32768
54,3.520611705148088e-5,32768
55,3.3161890900104574e-5,32768
56,3.588752576860632e-5,32768
57,3.066339227064464e-5,32768
58,3.2707618422020946e-5,32768
59,3.36161633781882e-5,32768
60,3.384329961723001e-5,32768
61,3.2707618422020946e-5,32768
62,3.679607072477357e-5,32768
63,3.0436256031602828e-5,32768
64,2.975484731447739e-5,32768
65,3.6568934485731756e-5,32768
66,3.475184457339726e-5,32768
67,3.293475466106276e-5,32768
68,3.815888815902444e-5,32768
69,3.634179824668994e-5,32768
70,3.770461568094082e-5,32768
71,3.793175191998263e-5,32768
72,4.202020422273525e-5,32768
73,4.633579276452968e-5,32768
74,4.951570011111505e-5,32768
75,5.4285561130993104e-5,32768
76,5.383128865290948e-5,32768
77,6.541523684404189e-5,32768
78,6.950368914679452e-5,32768
79,7.8589138708467e-5,32768
80,9.130876809480849e-5,32768
81,1.0221130756881547e-4,32768
82,1.0175703509073184e-4,32768
83,1.1515807319419876e-4,32768
84,1.3764456085933816e-4,32768
85,1.4968278152855421e-4,32768
86,1.6921649808615004e-4,32768
87,1.9034016831703858e-4,32768
88,2.053311600937982e-4,32768
89,2.3281464501785746e-4,32768
90,2.523483615754533e-4,32768
91,2.69610715742631e-4,32768
92,3.1867214337566246e-4,32768
93,3.402500860846346e-4,32768
94,3.6955066092102837e-4,32768
95,3.868130150882061e-4,32768
96,4.1611358992459986e-4,32768
97,4.542724780836243e-4,32768
98,4.8470873411522714e-4,32768
99,4.865258240275616e-4,32768
100,5.403571126804711e-4,32768
101,5.587551480428579e-4,32768
102,5.841944068155408e-4,32768
103,6.066808944806802e-4,32768
104,6.4801968998629e-4,32768
105,6.566508670698789e-4,32768
106,6.745946299541821e-4,32768
107,7.020781148782413e-4,32768
108,7.161605616988337e-4,32768
109,7.763516650449139e-4,32768
110,7.827114797380846e-4,32768
111,7.992924251881369e-4,32768
112,8.206432316580673e-4,32768
113,8.463096266697921e-4,32768
114,8.388141307814123e-4,32768
115,9.417068470673532e-4,32768
116,9.707802856647051e-4,32768
117,0.0010218859394491128,32768
118,0.00102279448440528,32768
119,0.0011247786557350538,32768
120,0.0011665717237187472,32768
121,0.0012394824564511688,32768
122,0.0012778684808492351,32768
123,0.0013866667393502632,32768
124,0.0014686629216443573,32768
125,0.0015347595672055246,32768
126,0.0016451477793798454,32768
127,0.0017307781414986085,32768
128,0.0018527503018640618,32768
129,0.0019763124159028075,32768
130,0.0020751166798859957,32768
131,0.0022313864123467623,32768
132,0.0023921988695883656,32768
133,0.002565503819977268,32768
134,0.002704965470748941,32768
135,0.0028600995220144985,32768
136,0.0031044981152234885,32768
137,0.003270534705963053,32768
138,0.0034963081275706143,32768
139,0.003683014116062984,32768
140,0.003949899196937113,32768
141,0.0041009447958999185,32768
142,0.004361697198319919,32768
143,0.004566346949696591,32768
144,0.004772813790985599,32768
145,0.0050019942561787874,32768
146,0.0053163508110126555,32768
147,0.005520092017433161,32768
148,0.005792882640522377,32768
149,0.006002075116679886,32768
150,0.0063134789004062105,32768
151,0.006588086613407761,32768
152,0.006778653917963842,32768
153,0.007077110936064783,32768
154,0.007333547749942989,32768
155,0.0074689209484119085,32768
156,0.007791000135373198,32768
157,0.008031764548757519,32768
158,0.00831000644158374,32768
159,0.0084303886482759,32768
160,0.008690232505739732,32768
161,0.008896245074550656,32768
162,0.00915972311183916,32768
163,0.009347337645287696,32768
164,0.009586739241237765,32768
165,0.009653290159277017,32768
166,0.009824778019753585,32768
167,0.010003761376118532,32768
168,0.0100725836565482,32768
169,0.010192284454523236,32768
170,0.010435547366537018,32768
171,0.010486425884082383,32768
172,0.010694255542805642,32768
173,0.010752402420000345,32768
174,0.010880507258819927,32768
175,0.010979311522803115,32768
176,0.010971588890675694,32768
177,0.011025193043089562,32768
178,0.011100829410690485,32768
179,0.011200087947151757,32768
180,0.011234158383008029,32768
181,0.011139669707566635,32768
182,0.011129902849287837,32768
183,0.011164654693861234,32768
184,0.01121916739123127,32768
185,0.01114898229336735,32768
186,0.011214851802689475,32768
187,0.011087428372587018,32768
188,0.011011792004986094,32768
189,0.010926388779106374,32768
190,0.01095364512779139,32768
191,0.01075535519110789,32768
192,0.010713107850646112,32768
193,0.010521177728655781,32768
194,0.010552522529643551,32768
195,0.01036831503978064,32768
196,0.01033560742135862,32768
197,0.010173659282921807,32768
198,0.010106426956165432,32768
199,0.009880199262079786,32768
200,0.009805698575674072,32768
201,0.009718251123642975,32768
202,0.009485209342386076,32768
203,0.009376865356363132,32768
204,0.009150183389799402,32768
205,0.009089310877736196,32768
206,0.008890112396096527,32768
207,0.008688869688305482,32768
208,0.008620501680353896,32768
209,0.008487172708036353,32768
210,0.008255720880452747,32768
211,0.00807060484563367,32768
212,0.008004735336311544,32768
213,0.007860730960759035,32768
214,0.007627689179502135,32768
215,0.007455065637830358,32768
216,0.0073578513275204625,32768
217,0.007106638647140218,32768
218,0.007014875606567326,32768
219,0.0068199927134694515,32768
220,0.006603077605184521,32768
221,0.00643249828966412,32768
222,0.006266688835163597,32768
223,0.006200819325841472,32768
224,0.00600502788778743,32768
225,0.0059021351715014886,32768
226,0.005686355744411767,32768
227,0.005521681971106454,32768
228,0.0053976655845896235,32768
229,0.005263655203554955,32768
230,0.005077857760018753,32768
231,0.005010398297023334,32768
232,0.0048266450796385085,32768
233,0.00464766172327356,32768
234,0.004545450415704744,32768
235,0.004424386800295459,32768
236,0.004295146280280667,32768
237,0.004146372043708281,32768
238,0.004013270207629779,32768
239,0.0039285483904671825,32768
240,0.003761603254771451,32768
241,0.0036244129663901966,32768
242,0.003560587683219447,32768
243,0.0034467924274594994,32768
244,0.0033075579129268687,32768
245,0.0032353285889115723,32768
246,0.003096775483096067,32768
247,0.002972077687862112,32768
248,0.0028928071404365195,32768
249,0.002825574813680143,32768
250,0.0027274519584140804,32768
251,0.0026606739041357876,32768
252,0.002501678536806519,32768
253,0.002492138814766763,32768
254,0.0023960601856520764,32768
255,0.002330872085047076,32768
256,0.0022182125104823376,32768
257,0.0021587028158533824,32768
258,0.0020451346963324766,32768
259,0.002004704445783034,32768
260,0.0019354278928752813,32768
261,0.0018582015716010652,32768
262,0.0017743882993946365,32768
263,0.0017166956946780161,32768
264,0.0016839880762559952,32768
265,0.0015831395861214306,32768
266,0.0015688300030617965,32768
267,0.0014927393629827895,32768
268,0.0014486749326086778,32768
269,0.0013773541535495488,32768
270,0.0013503249411035733,32768
271,0.0013162545052473015,32768
272,0.0012765056634149842,32768
273,0.001207910519224357,32768
274,0.0011677074049139563,32768
275,0.0010936609909863255,32768
276,0.0010975223070500363,32768
277,0.001014390443560733,32768
278,9.710074219037469e-4,32768
279,9.435239369796877e-4,32768
280,9.410254383502277e-4,32768
281,8.94689645585698e-4,32768
282,8.515337601677537e-4,32768
283,8.433568555622485e-4,32768
284,8.002009701443042e-4,32768
285,7.386470493639731e-4,32768
286,7.366028232125968e-4,32768
287,7.313786897146351e-4,32768
288,6.870871231014818e-4,32768
289,6.621021368068824e-4,32768
290,6.350729243609068e-4,32768
291,6.175834339546872e-4,32768
292,6.144035266081019e-4,32768
293,5.735190035805757e-4,32768
294,5.673863251264467e-4,32768
295,5.412656576366384e-4,32768
296,5.185520337324572e-4,32768
297,5.10375129126952e-4,32768
298,4.753961483145128e-4,32768
299,4.6244938268912955e-4,32768
300,4.5904233910350233e-4,32768
301,4.2769753811573225e-4,32768
302,4.2338194957393784e-4,32768
303,4.083909577971782e-4,32768
304,3.927185573032932e-4,32768
305,3.9226428482520956e-4,32768
306,3.713677508333629e-4,32768
307,3.5864812144702137e-4,32768
308,3.438842659093036e-4,32768
309,3.295746828496694e-4,32768
310,3.0776960390165546e-4,32768
311,3.1322087363865893e-4,32768
312,3.0209119792561014e-4,32768
313,2.8187607265088885e-4,32768
314,2.730177593282582e-4,32768
315,2.6802076206933835e-4,32768
316,2.53938315248746e-4,32768
317,2.58708176268624e-4,32768
318,2.5552826892203865e-4,32768
319,2.337231899740247e-4,32768
320,2.3599455236444282e-4,32768
321,2.2872619271510484e-4,32768
322,2.0987388487463444e-4,32768
323,2.0896533991846718e-4,32768
324,2.0510402385475637e-4,32768
325,1.9556430181500025e-4,32768
326,1.942014843807494e-4,32768
327,1.8988589583895495e-4,32768
328,1.8239039995057515e-4,32768
329,1.7057931552040092e-4,32768
330,1.7921049260398979e-4,32768
331,1.6898936184710824e-4,32768
332,1.7898335636494799e-4,32768
333,1.6898936184710824e-4,32768
334,1.6013104852447756e-4,32768
335,1.4718428289909428e-4,32768
336,1.4468578426963434e-4,32768
337,1.4831996409430333e-4,32768
338,1.4264155811825804e-4,32768
339,1.3514606222987823e-4,32768
340,1.3741742462029634e-4,32768
341,1.312847461661674e-4,32768
342,1.2787770258054025e-4,32768
343,1.2129075164832768e-4,32768
344,1.251520677120385e-4,32768
345,1.3378324479562735e-4,32768
346,1.1788370806270051e-4,32768
347,1.1856511677982594e-4,32768
348,1.1879225301886775e-4,32768
349,9.17630405728921e-5,32768
350,1.0152989885169003e-4,32768
351,9.789571902702104e-5,32768
352,1.028927162859409e-4,32768
353,9.789571902702104e-5,32768
354,9.040022313864123e-5,32768
355,9.380726672426842e-5,32768
356,1.0221130756881547e-4,32768
357,9.971280893935553e-5,32768
358,8.971881442151579e-5,32768
359,8.835599698726492e-5,32768
360,8.517608964067955e-5,32768
361,8.313186348930324e-5,32768
362,8.290472725026144e-5,32768
363,8.472181716259594e-5,32768
364,8.676604331397224e-5,32768
365,7.699918503517432e-5,32768
366,8.131477357696875e-5,32768
367,7.381927768858895e-5,32768
368,7.586350383996526e-5,32768
369,7.540923136188163e-5,32768
370,7.245646025433807e-5,32768
371,6.836800795158546e-5,32768
372,6.791373547350183e-5,32768
373,7.200218777625444e-5,32768
374,6.609664556116733e-5,32768
375,7.313786897146351e-5,32768
376,6.768659923446001e-5,32768
377,6.56423730830837e-5,32768
378,6.541523684404189e-5,32768
379,6.109964830224746e-5,32768
380,6.473382812691647e-5,32768
381,5.678405976045304e-5,32768
382,6.200819325841472e-5,32768
383,6.291673821458197e-5,32768
384,5.451269737003492e-5,32768
385,6.155392078033109e-5,32768
386,5.61026510433276e-5,32768
387,5.746546847757847e-5,32768
388,6.246246573649834e-5,32768
389,6.314387445362377e-5,32768
390,5.5875514804285785e-5,32768
391,5.2695607457700416e-5,32768
392,5.519410608716035e-5,32768
393,4.747147395973874e-5,32768
394,5.678405976045304e-5,32768
395,5.7011195999494846e-5,32768
396,4.883429139398961e-5,32768
397,5.496696984811854e-5,32768
398,5.678405976045304e-5,32768
399,4.769861019878055e-5,32768
400,5.019710882824049e-5,32768
401,6.041823958512203e-5,32768
402,5.360415241386767e-5,32768
403,5.246847121865861e-5,32768
404,5.383128865290948e-5,32768
405,4.656292900357149e-5,32768
406,4.270161293986068e-5,32768
407,5.292274369674223e-5,32768
408,4.9969972589198674e-5,32768
409,5.1105653784407735e-5,32768
410,4.86071551549478e-5,32768
411,4.883429139398961e-5,32768
412,4.883429139398961e-5,32768
413,4.202020422273525e-5,32768
414,4.747147395973874e-5,32768
415,4.974283635015686e-5,32768
416,5.519410608716035e-5,32768
417,4.224734046177706e-5,32768
418,4.043025054944256e-5,32768
419,3.952170559327531e-5,32768
420,4.656292900357149e-5,32768
421,4.633579276452968e-5,32768
422,4.3610157896027935e-5,32768
423,3.770461568094082e-5,32768
424,4.020311431040075e-5,32768
425,4.951570011111505e-5,32768
426,4.270161293986068e-5,32768
427,5.0424245067282294e-5,32768
428,4.156593174465162e-5,32768
429,3.92945693542335e-5,32768
430,3.815888815902444e-5,32768
431,4.0884523027526186e-5,32768
432,4.043025054944256e-5,32768
433,4.429156661315337e-5,32768
434,3.92945693542335e-5,32768
435,3.92945693542335e-5,32768
436,3.952170559327531e-5,32768
437,3.2707618422020946e-5,32768
438,3.293475466106276e-5,32768
439,3.997597807135894e-5,32768
440,3.475184457339726e-5,32768
441,3.884029687614988e-5,32768
442,4.202020422273525e-5,32768
443,3.452470833435545e-5,32768
444,4.3610157896027935e-5,32768
445,3.588752576860632e-5,32768
446,4.156593174465162e-5,32768
447,4.043025054944256e-5,32768
448,3.520611705148088e-5,32768
449,3.5433253290522695e-5,32768
450,3.566038952956451e-5,32768
451,3.407043585627182e-5,32768
452,3.770461568094082e-5,32768
453,3.793175191998263e-5,32768
454,3.1571937226811886e-5,32768
455,3.0436256031602828e-5,32768
456,3.566038952956451e-5,32768
457,3.8613160637108065e-5,32768
458,4.0884523027526186e-5,32768
459,3.36161633781882e-5,32768
460,3.497898081243907e-5,32768
461,3.407043585627182e-5,32768
462,3.0436256031602828e-5,32768
463,3.407043585627182e-5,32768
464,3.4297572095313634e-5,32768
465,2.9981983553519204e-5,32768
466,3.679607072477357e-5,32768
467,3.338902713914639e-5,32768
468,3.134480098777008e-5,32768
469,3.520611705148088e-5,32768
470,3.520611705148088e-5,32768
471,3.5433253290522695e-5,32768
472,3.202620970489551e-5,32768
473,2.861916611926833e-5,32768
474,3.1117664748728265e-5,32768
475,3.293475466106276e-5,32768
476,2.9300574836393767e-5,32768
477,3.0436256031602828e-5,32768
478,3.089052850968645e-5,32768
479,2.952771107543558e-5,32768
480,3.36161633781882e-5,32768
481,2.3622168860348462e-5,32768
482,3.1571937226811886e-5,32768
483,3.497898081243907e-5,32768
484,3.497898081243907e-5,32768
485,2.4530713816515713e-5,32768
486,3.066339227064464e-5,32768
487,2.975484731447739e-5,32768
488,2.952771107543558e-5,32768
489,3.202620970489551e-5,32768
490,3.407043585627182e-5,32768
491,2.9073438597351954e-5,32768
492,2.6347803728850208e-5,32768
493,2.5666395011724774e-5,32768
494,2.952771107543558e-5,32768
495,3.089052850968645e-5,32768
496,2.7710621163101082e-5,32768
497,2.7937757402142893e-5,32768
498,2.952771107543558e-5,32768
499,3.0209119792561014e-5,32768
500,2.748348492405927e-5,32768
501,2.4984986294599337e-5,32768
502,2.861916611926833e-5,32768
503,2.9300574836393767e-5,32768
504,2.5893531250766584e-5,32768
505,2.725634868501746e-5,32768
506,3.089052850968645e-5,32768
507,2.839202988022652e-5,32768
508,2.861916611926833e-5,32768
509,2.7710621163101082e-5,32768
510,2.7937757402142893e-5,32768
511,2.748348492405927e-5,32768
512,2.225935142609759e-5,32768
513,2.9300574836393767e-5,32768
514,2.8164893641184706e-5,32768
515,2.6120667489808398e-5,32768
516,2.543925877268296e-5,32768
517,2.4757850055557523e-5,32768
518,2.7710621163101082e-5,32768
519,2.5893531250766584e-5,32768
520,2.7029212445975645e-5,32768
521,2.4984986294599337e-5,32768
522,2.3622168860348462e-5,32768
523,2.6802076206933835e-5,32768
524,2.3395032621306652e-5,32768
525,2.316789638226484e-5,32768
526,2.5666395011724774e-5,32768
527,2.9981983553519204e-5,32768
528,2.3395032621306652e-5,32768
529,2.6120667489808398e-5,32768
530,2.2032215187055778e-5,32768
531,2.1805078948013968e-5,32768
532,1.998798903567947e-5,32768
533,2.4076441338432086e-5,32768
534,2.2713623904181215e-5,32768
535,2.316789638226484e-5,32768
536,2.1577942708972154e-5,32768
537,2.4984986294599337e-5,32768
538,2.2032215187055778e-5,32768
539,2.021512527472128e-5,32768
540,2.5212122533641147e-5,32768
541,1.8625171601428595e-5,32768
542,2.4076441338432086e-5,32768
543,2.5212122533641147e-5,32768
544,2.316789638226484e-5,32768
545,2.0896533991846717e-5,32768
546,2.4984986294599337e-5,32768
547,1.9760852796637656e-5,32768
548,2.0442261513763093e-5,32768
549,2.24864876651394e-5,32768
550,2.1577942708972154e-5,32768
551,2.225935142609759e-5,32768
552,2.839202988022652e-5,32768
553,2.2713623904181215e-5,32768
554,1.68080816890941e-5,32768
555,2.225935142609759e-5,32768
556,2.135080646993034e-5,32768
557,2.112367023088853e-5,32768
558,2.4984986294599337e-5,32768
559,2.1577942708972154e-5,32768
560,2.4984986294599337e-5,32768
561,1.8625171601428595e-5,32768
562,2.316789638226484e-5,32768
563,2.1805078948013968e-5,32768
564,2.2713623904181215e-5,32768
565,1.68080816890941e-5,32768
566,2.0442261513763093e-5,32768
567,1.7489490406219534e-5,32768
568,1.8625171601428595e-5,32768
569,1.885230784047041e-5,32768
570,2.0669397752804907e-5,32768
571,1.9533716557595846e-5,32768
572,1.8398035362386785e-5,32768
573,1.885230784047041e-5,32768
574,2.021512527472128e-5,32768
575,2.0442261513763093e-5,32768
576,2.0442261513763093e-5,32768
577,2.6347803728850208e-5,32768
578,1.794376288430316e-5,32768
579,1.907944407951222e-5,32768
580,2.021512527472128e-5,32768
581,2.2940760143223025e-5,32768
582,1.998798903567947e-5,32768
583,1.907944407951222e-5,32768
584,1.5218128015801414e-5,32768
585,1.589953673292685e-5,32768
586,1.9760852796637656e-5,32768
587,1.794376288430316e-5,32768
588,1.9306580318554032e-5,32768
589,1.703521792813591e-5,32768
590,1.9760852796637656e-5,32768
591,2.112367023088853e-5,32768
592,1.589953673292685e-5,32768
593,1.907944407951222e-5,32768
594,1.6126672971968663e-5,32768
595,1.8625171601428595e-5,32768
596,1.6580945450052287e-5,32768
597,1.998798903567947e-5,32768
598,1.68080816890941e-5,32768
599,1.68080816890941e-5,32768
600,1.7716626645261348e-5,32768
601,1.7262354167177724e-5,32768
602,1.7262354167177724e-5,32768
603,2.0896533991846717e-5,32768
604,1.362817434250873e-5,32768
605,2.24864876651394e-5,32768
606,2.135080646993034e-5,32768
607,1.589953673292685e-5,32768
608,1.6580945450052287e-5,32768
609,2.021512527472128e-5,32768
610,1.6580945450052287e-5,32768
611,1.817089912334497e-5,32768
612,1.7262354167177724e-5,32768
613,1.8625171601428595e-5,32768
614,1.7262354167177724e-5,32768
615,1.9760852796637656e-5,32768
616,1.817089912334497e-5,32768
617,1.817089912334497e-5,32768
618,1.3401038103466918e-5,32768
619,1.4990991776759602e-5,32768
620,1.68080816890941e-5,32768
621,1.476385553771779e-5,32768
622,1.6353809211010473e-5,32768
623,1.4990991776759602e-5,32768
624,1.5218128015801414e-5,32768
625,1.476385553771779e-5,32768
626,1.158394819113242e-5,32768
627,1.362817434250873e-5,32768
628,1.5218128015801414e-5,32768
629,1.9760852796637656e-5,32768
630,1.2038220669216043e-5,32768
631,1.4990991776759602e-5,32768
632,1.3401038103466918e-5,32768
633,1.6580945450052287e-5,32768
634,1.4082446820592353e-5,32768
635,1.476385553771779e-5,32768
636,1.6126672971968663e-5,32768
637,1.589953673292685e-5,32768
638,1.271962938634148e-5,32768
639,1.703521792813591e-5,32768
640,1.4082446820592353e-5,32768
641,1.2946765625383292e-5,32768
642,1.2946765625383292e-5,32768
643,1.6126672971968663e-5,32768
644,1.4990991776759602e-5,32768
645,1.4990991776759602e-5,32768
646,1.5218128015801414e-5,32768
647,1.3401038103466918e-5,32768
648,1.5218128015801414e-5,32768
649,1.1356811952090608e-5,32768
650,1.3173901864425104e-5,32768
651,1.703521792813591e-5,32768
652,1.5218128015801414e-5,32768
653,1.271962938634148e-5,32768
654,1.2265356908257857e-5,32768
655,1.0448266995923358e-5,32768
656,1.567240049388504e-5,32768
657,1.3855310581550541e-5,32768
658,1.0448266995923358e-5,32768
659,1.2265356908257857e-5,32768
660,1.4990991776759602e-5,32768
661,1.2492493147299668e-5,32768
662,1.2038220669216043e-5,32768
663,1.4536719298675977e-5,32768
664,1.2946765625383292e-5,32768
665,1.1811084430174231e-5,32768
666,1.5218128015801414e-5,32768
667,1.362817434250873e-5,32768
668,1.362817434250873e-5,32768
669,1.476385553771779e-5,32768
670,1.2946765625383292e-5,32768
671,1.794376288430316e-5,32768
672,1.1129675713048796e-5,32768
673,1.3855310581550541e-5,32768
674,1.4309583059634165e-5,32768
675,1.2038220669216043e-5,32768
676,1.1356811952090608e-5,32768
677,1.1356811952090608e-5,32768
678,1.271962938634148e-5,32768
679,1.4990991776759602e-5,32768
680,1.158394819113242e-5,32768
681,1.158394819113242e-5,32768
682,1.4536719298675977e-5,32768
683,1.1129675713048796e-5,32768
684,1.5445264254843226e-5,32768
685,1.1356811952090608e-5,32768
686,1.1811084430174231e-5,32768
687,1.158394819113242e-5,32768
688,1.0221130756881547e-5,32768
689,1.158394819113242e-5,32768
690,1.2038220669216043e-5,32768
691,1.271962938634148e-5,32768
692,9.312585800714298e-6,32768
693,1.0221130756881547e-5,32768
694,1.0448266995923358e-5,32768
695,8.858313322630674e-6,32768
696,9.53972203975611e-6,32768
697,1.362817434250873e-5,32768
698,1.567240049388504e-5,32768
699,1.5445264254843226e-5,32768
700,9.766858278797923e-6,32768
51,4.227673742136309e-5,65536
52,3.9661681498392175e-5,65536
53,3.094482842182247e-5,65536
54,4.314842272902006e-5,65536
55,2.9201457806508527e-5,65536
56,3.399572699862187e-5,65536
57,3.268819903713641e-5,65536
58,3.6174940267764293e-5,65536
59,3.355988434479338e-5,65536
60,3.6174940267764293e-5,65536
61,3.399572699862187e-5,65536
62,3.748246822924975e-5,65536
63,3.312404169096489e-5,65536
64,2.789392984502307e-5,65536
65,3.399572699862187e-5,65536
66,3.268819903713641e-5,65536
67,3.399572699862187e-5,65536
68,2.7458087191194582e-5,65536
69,3.399572699862187e-5,65536
70,3.661078292159278e-5,65536
71,3.1816513729479436e-5,65536
72,3.791831088307824e-5,65536
73,2.8329772498851555e-5,65536
74,3.704662557542126e-5,65536
75,3.791831088307824e-5,65536
76,3.094482842182247e-5,65536
77,3.2252356383307924e-5,65536
78,3.791831088307824e-5,65536
79,3.268819903713641e-5,65536
80,3.443156965245035e-5,65536
81,3.443156965245035e-5,65536
82,3.2252356383307924e-5,65536
83,4.7071006613476426e-5,65536
84,4.79426919211334e-5,65536
85,3.5739097613935806e-5,65536
86,3.791831088307824e-5,65536
87,4.140505211370612e-5,65536
88,4.7071006613476426e-5,65536
89,5.273696111324674e-5,65536
90,4.532763599816249e-5,65536
91,4.881437722879037e-5,65536
92,5.622370234387462e-5,65536
93,5.971044357450251e-5,65536
94,5.70953876515316e-5,65536
95,7.060650992021465e-5,65536
96,8.193841891975526e-5,65536
97,7.757999238147041e-5,65536
98,7.583662176615648e-5,65536
99,9.719291180375225e-5,65536
100,9.501369853460983e-5,65536
101,1.0590976488032197e-4,65536
102,1.2029257245666198e-4,65536
103,1.4034133453277232e-4,65536
104,1.438280757634002e-4,65536
105,1.4469976107105717e-4,65536
106,1.7172200560842328e-4,65536
107,1.861048131847633e-4,65536
108,2.1356290037595789e-4,65536
109,1.983084074919609e-4,65536
110,2.09204473837673e-4,65536
111,2.545321098358355e-4,65536
112,2.606339069894343e-4,65536
113,2.5976222168177734e-4,65536
114,3.0988412687205314e-4,65536
115,3.260103050637071e-4,65536
116,3.560834481778726e-4,65536
117,3.865924339458666e-4,65536
118,3.88771647215009e-4,65536
119,3.8136232209992475e-4,65536
120,4.1535804909854663e-4,65536
121,4.502254614048255e-4,65536
122,4.249465874827733e-4,65536
123,4.602498424428806e-4,65536
124,5.103717476331565e-4,65536
125,5.24318712555668e-4,65536
126,5.482900585162347e-4,65536
127,5.286771390939529e-4,65536
128,5.413165760549789e-4,65536
129,5.748764603997723e-4,65536
130,6.018987049371384e-4,65536
131,5.97976121052682e-4,65536
132,6.032062328986239e-4,65536
133,6.206399390517633e-4,65536
134,5.949252224758826e-4,65536
135,6.563790366656991e-4,65536
136,6.494055542044433e-4,65536
137,6.803503826262658e-4,65536
138,6.664034177037543e-4,65536
139,6.960407181640912e-4,65536
140,6.559431940118706e-4,65536
141,6.655317323960972e-4,65536
142,6.982199314332337e-4,65536
143,7.112952110480882e-4,65536
144,7.195762214708295e-4,65536
145,7.038858859330041e-4,65536
146,7.583662176615647e-4,65536
147,7.527002631617944e-4,65536
148,7.779791370838465e-4,65536
149,8.302802555432648e-4,65536
150,8.442272204657763e-4,65536
151,8.459705910810902e-4,65536
152,9.257297967317031e-4,65536
153,8.917340697330812e-4,65536
154,9.348824924621013e-4,65536
155,9.636481076147813e-4,65536
156,0.0010482015824575075,65536
157,0.0010861198933405857,65536
158,0.0011401643824153179,65536
159,0.0012247178572580442,65536
160,0.0012181802174506169,65536
161,0.001379877842020985,65536
162,0.0013532914401374473,65536
163,0.001502785470400618,65536
164,0.0015773145642052888,65536
165,0.0016370250077797914,65536
166,0.0017725720731204503,65536
167,0.0019020173413075105,65536
168,0.0020096704768031463,65536
169,0.002069380920377649,65536
170,0.0022371803421016158,65536
171,0.002394519540133699,65536
172,0.002519170539128646,65536
173,0.0026364122130085087,65536
174,0.002794623096348249,65536
175,0.0030164670071469476,65536
176,0.0030888168876824764,65536
177,0.003234824176715019,65536
178,0.003467128311205602,65536
179,0.0037181736798108096,65536
180,0.0037722181688855418,65536
181,0.00401454668441418,65536
182,0.004171885882446263,65536
183,0.004455619450088607,65536
184,0.0045933457286984085,65536
185,0.004714945829116556,65536
186,0.0050243941133347805,65536
187,0.0051507884829450415,65536
188,0.005412729917895961,65536
189,0.005652443377501628,65536
190,0.005762711568920235,65536
191,0.00603162648633241,65536
192,0.00627918511370699,65536
193,0.006432165885200789,65536
194,0.006680596197883025,65536
195,0.006898081682143439,65536
196,0.007111208739865569,65536
197,0.007217118504745891,65536
198,0.0075222083624258305,65536
199,0.007589328131115417,65536
200,0.00783601507318234,65536
201,0.008113211001017256,65536
202,0.008196456947898497,65536
203,0.0083311323279315,65536
204,0.008471037819810442,65536
205,0.008715109705954396,65536
206,0.008821455313488545,65536
207,0.008997535745635254,65536
208,0.009154874943667337,65536
209,0.00934664571135187,65536
210,0.009531442996575148,65536
211,0.009547133332112974,65536
212,0.009671348488454093,65536
213,0.009758517019219788,65536
214,0.009877937906368794,65536
215,0.009943750147096895,65536
216,0.01008060474039904,65536
217,0.010090193278783266,65536
218,0.010278041462583345,65536
219,0.010203512368778672,65536
220,0.01025624932989192,65536
221,0.010346468759234416,65536
222,0.0104257921222312,65536
223,0.01029373179812117,65536
224,0.010280656518506315,65536
225,0.010383951227463667,65536
226,0.0103569289829263,65536
227,0.010274118878698888,65536
228,0.010318574829389393,65536
229,0.010239687309046437,65536
230,0.010300269437928597,65536
231,0.010233585511892839,65536
232,0.010104140243705779,65536
233,0.010196103043663588,65536
234,0.009991692839018029,65536
235,0.009972951604903404,65536
236,0.009886218916791535,65536
237,0.00981343319360218,65536
238,0.009733238145297737,65536
239,0.009575898947265654,65536
240,0.009466502441154705,65536
241,0.009494396370999728,65536
242,0.00928955032370034,65536
243,0.009155310786321166,65536
244,0.009032403157941533,65536
245,0.008920391595907611,65536
246,0.008830608009218944,65536
247,0.008607892413112588,65536
248,0.00846667939327216,65536
249,0.008362077156353322,65536
250,0.008264448401895741,65536
251,0.00802865752617453,65536
252,0.007849526195451022,65536
253,0.007814658783144744,65536
254,0.007678675875150256,65536
255,0.007581047120692676,65536
256,0.007376636916047116,65536
257,0.007313875573895815,65536
258,0.006949075272641372,65536
259,0.0068279110148770535,65536
260,0.006831397756107681,65536
261,0.006594735195078813,65536
262,0.006416911392316791,65536
263,0.0063476124103580625,65536
264,0.006137100408558904,65536
265,0.006008962668333329,65536
266,0.0057679416807661765,65536
267,0.005767505838112348,65536
268,0.005687746632461735,65536
269,0.00545892923920178,65536
270,0.005340815880014261,65536
271,0.005155582752137154,65536
272,0.0050557747844104314,65536
273,0.004943763222376511,65536
274,0.00478555233903677,65536
275,0.004680514259464105,65536
276,0.004513586523047795,65536
277,0.004456926978050092,65536
278,0.004368886761976738,65536
279,0.0041383259981014695,65536
280,0.0040223918521830925,65536
281,0.003938274219994194,65536
282,0.003753041092117088,65536
283,0.0037791916513467976,65536
284,0.0035983169500079758,65536
285,0.003438362696052922,65536
286,0.0034030594410928146,65536
287,0.0033385547283261985,65536
288,0.00319429080990897,65536
289,0.00306179464314511,65536
290,0.0030953545274899036,65536
291,0.002920581623304681,65536
292,0.002853897697268923,65536
293,0.002713992205389979,65536
294,0.0026324896291240523,65536
295,0.0025413985144738986,65536
296,0.002473407060476655,65536
297,0.0023727274074422746,65536
298,0.0023500635894431934,65536
299,0.002193160234064939,65536
300,0.0021434741715284913,65536
301,0.0021234254094523813,65536
302,0.0020079271061878325,65536
303,0.0020105421621108032,65536
304,0.0018885062190388275,65536
305,0.0018640990304244322,65536
306,0.0018104903840035285,65536
307,0.0017307311783529157,65536
308,0.0016413834343180762,65536
309,0.0016134895044730532,65536
310,0.0015969274836275707,65536
311,0.0014718406419787953,65536
312,0.0014256413206729759,65536
313,0.0014291280619036038,65536
314,0.0013314993074460232,65536
315,0.001308835489446942,65536
316,0.001226461227873358,65536
317,0.0012430232487188404,65536
318,0.00120292572456662,65536
319,0.0011140138231856087,65536
320,0.0011310116866849198,65536
321,0.0010795822535331584,65536
322,0.0010120266421897433,65536
323,0.0010695578724951034,65536
324,9.806459711140922e-4,65536
325,9.165771010013049e-4,65536
326,8.952208109637091e-4,65536
327,8.52072388234689e-4,65536
328,8.655835105033721e-4,65536
329,8.084881228518406e-4,65536
330,7.901827313910441e-4,65536
331,7.78414979737675e-4,65536
332,7.431117247775677e-4,65536
333,7.126027390095737e-4,65536
334,6.903747636643209e-4,65536
335,7.021425153176901e-4,65536
336,6.419962290893591e-4,65536
337,6.733769001650101e-4,65536
338,6.175890404749639e-4,65536
339,6.084363447445656e-4,65536
340,5.783632016304002e-4,65536
341,5.700821912076589e-4,65536
342,5.509051144392056e-4,65536
343,5.125509609022989e-4,65536
344,5.22575341940354e-4,65536
345,4.999115239412728e-4,65536
346,4.558914159045958e-4,65536
347,4.550197305969388e-4,65536
348,4.6635163959647945e-4,65536
349,4.140505211370612e-4,65536
350,4.284333287134012e-4,65536
351,4.0271861213752057e-4,65536
352,4.044619827528345e-4,65536
353,4.03154454791349e-4,65536
354,3.478024377551314e-4,65536
355,3.926942310994654e-4,65536
356,3.29497046294335e-4,65536
357,3.4344401121684656e-4,65536
358,3.203443505639368e-4,65536
359,3.1990850791010833e-4,65536
360,3.0029558848782646e-4,65536
361,2.976805325648556e-4,65536
362,3.15114238717995e-4,65536
363,2.732733439504604e-4,65536
364,2.7196581598897495e-4,65536
365,2.7370918660428884e-4,65536
366,2.55839637797321e-4,65536
367,2.689149174121755e-4,65536
368,2.601980643356058e-4,65536
369,2.3186829183675426e-4,65536
370,2.5322458187435005e-4,65536
371,2.0397436199173118e-4,65536
372,2.3579087572121063e-4,65536
373,2.2489480937549849e-4,65536
374,2.1443458568361483e-4,65536
375,2.0266683403024575e-4,65536
376,2.0223099137641726e-4,65536
377,1.94821666261333e-4,65536
378,1.978725648381324e-4,65536
379,1.8697649849242027e-4,65536
380,1.8261807195413542e-4,65536
381,1.773879601081936e-4,65536
382,1.7302953356990871e-4,65536
383,1.6736357907013843e-4,65536
384,1.6082593926271114e-4,65536
385,1.6039009660888265e-4,65536
386,1.6562020845482448e-4,65536
387,1.5385245680145536e-4,65536
388,1.4513560372488566e-4,65536
389,1.4208470514808625e-4,65536
390,1.3554706534065899e-4,65536
391,1.49929872916999e-4,65536
392,1.2639436961026077e-4,65536
393,1.3554706534065899e-4,65536
394,1.3031695349471716e-4,65536
395,1.2203594307197593e-4,65536
396,1.1767751653369107e-4,65536
397,1.1767751653369107e-4,65536
398,1.2421515634111836e-4,65536
399,1.2116425776431896e-4,65536
400,1.0896066345712137e-4,65536
401,1.0503807957266499e-4,65536
402,1.1244740468774924e-4,65536
403,1.0896066345712137e-4,65536
404,1.0939650611094986e-4,65536
405,1.0373055161117954e-4,65536
406,9.980796772672317e-5,65536
407,1.0242302364969408e-4,65536
408,1.0155133834203712e-4,65536
409,1.1113987672626379e-4,65536
410,1.046022369188365e-4,65536
411,9.632122649609529e-5,65536
412,1.0329470895735105e-4,65536
413,9.021942934249649e-5,65536
414,8.455347484272618e-5,65536
415,8.934774403483951e-5,65536
416,7.714414972764192e-5,65536
417,8.891190138101103e-5,65536
418,8.847605872718255e-5,65536
419,9.327032791929589e-5,65536
420,8.716853076569709e-5,65536
421,8.760437341952558e-5,65536
422,7.627246441998495e-5,65536
423,7.670830707381344e-5,65536
424,8.237426157358375e-5,65536
425,7.49649364584995e-5,65536
426,9.021942934249649e-5,65536
427,7.19140378817001e-5,65536
428,7.017066726638616e-5,65536
429,6.929898195872919e-5,65536
430,7.060650992021465e-5,65536
431,7.322156584318556e-5,65536
432,6.799145399724374e-5,65536
433,6.668392603575827e-5,65536
434,7.409325115084252e-5,65536
435,7.19140378817001e-5,65536
436,6.711976868958676e-5,65536
437,6.537639807427282e-5,65536
438,5.927460092067402e-5,65536
439,5.927460092067402e-5,65536
440,5.70953876515316e-5,65536
441,5.578785969004614e-5,65536
442,6.537639807427282e-5,65536
443,6.494055542044434e-5,65536
444,6.755561134341525e-5,65536
445,5.622370234387462e-5,65536
446,5.0993590497932796e-5,65536
447,4.881437722879037e-5,65536
448,5.622370234387462e-5,65536
449,5.8402915613017053e-5,65536
450,6.537639807427282e-5,65536
451,5.273696111324674e-5,65536
452,6.363302745895887e-5,65536
453,5.360864642090371e-5,65536
454,6.319718480513038e-5,65536
455,5.317280376707523e-5,65536
456,5.230111845941825e-5,65536
457,6.494055542044434e-5,65536
458,4.837853457496188e-5,65536
459,5.8402915613017053e-5,65536
460,5.4916174382389165e-5,65536
461,5.665954499770311e-5,65536
462,5.360864642090371e-5,65536
463,5.317280376707523e-5,65536
464,5.622370234387462e-5,65536
465,5.70953876515316e-5,65536
466,6.058212888215948e-5,65536
467,4.314842272902006e-5,65536
468,5.665954499770311e-5,65536
469,5.0557747844104315e-5,65536
470,5.273696111324674e-5,65536
471,4.6635163959647945e-5,65536
472,5.70953876515316e-5,65536
473,4.79426919211334e-5,65536
474,4.402010803667703e-5,65536
475,4.7506849267304914e-5,65536
476,5.186527580558977e-5,65536
477,4.445595069050551e-5,65536
478,3.9661681498392175e-5,65536
479,4.445595069050551e-5,65536
480,4.3584265382848544e-05,65536
481,4.2712580075191576e-5,65536
482,4.314842272902006e-5,65536
483,3.9661681498392175e-5,65536
484,3.9661681498392175e-5,65536
485,4.096920945987763e-5,65536
486,4.227673742136309e-5,65536
487,4.576347865199097e-5,65536
488,4.445595069050551e-5,65536
489,4.576347865199097e-5,65536
490,3.8789996190735206e-5,65536
491,4.3584265382848544e-05,65536
492,3.704662557542126e-5,65536
493,4.4891793344334e-5,65536
494,3.748246822924975e-5,65536
495,4.096920945987763e-5,65536
496,4.227673742136309e-5,65536
497,3.661078292159278e-5,65536
498,3.5739097613935806e-5,65536
499,4.184089476753461e-5,65536
500,4.4891793344334e-5,65536
501,4.009752415222066e-5,65536
502,3.661078292159278e-5,65536
503,3.9225838844563694e-5,65536
504,4.140505211370612e-5,65536
505,4.4891793344334e-5,65536
506,4.009752415222066e-5,65536
507,3.9661681498392175e-5,65536
508,3.9661681498392175e-5,65536
509,3.748246822924975e-5,65536
510,3.9225838844563694e-5,65536
511,3.5303254960107325e-5,65536
512,3.661078292159278e-5,65536
513,3.1380671075650955e-5,65536
514,3.6174940267764293e-5,65536
515,3.9661681498392175e-5,65536
516,3.5303254960107325e-5,65536
517,3.312404169096489e-5,65536
518,3.486741230627884e-5,65536
519,3.0073143114165495e-5,65536
520,2.6150559229709126e-5,65536
521,3.268819903713641e-5,65536
522,3.704662557542126e-5,65536
523,3.791831088307824e-5,65536
524,3.268819903713641e-5,65536
525,2.7458087191194582e-5,65536
526,3.748246822924975e-5,65536
527,3.6174940267764293e-5,65536
528,3.2252356383307924e-5,65536
529,3.5303254960107325e-5,65536
530,3.094482842182247e-5,65536
531,3.443156965245035e-5,65536
532,3.791831088307824e-5,65536
533,2.963730046033701e-5,65536
534,2.571471657588064e-5,65536
535,3.443156965245035e-5,65536
536,3.0508985767993983e-5,65536
537,3.2252356383307924e-5,65536
538,2.876561515268004e-5,65536
539,2.7022244537366098e-5,65536
540,3.0508985767993983e-5,65536
541,2.876561515268004e-5,65536
542,3.5303254960107325e-5,65536
543,3.2252356383307924e-5,65536
544,3.791831088307824e-5,65536
545,3.2252356383307924e-5,65536
546,3.5303254960107325e-5,65536
547,2.789392984502307e-5,65536
548,2.8329772498851555e-5,65536
549,3.2252356383307924e-5,65536
550,3.2252356383307924e-5,65536
551,2.3535503306738213e-5,65536
552,3.268819903713641e-5,65536
553,2.7458087191194582e-5,65536
554,3.661078292159278e-5,65536
555,3.443156965245035e-5,65536
556,2.309966065290973e-5,65536
557,3.0508985767993983e-5,65536
558,3.1380671075650955e-5,65536
559,2.1792132691424272e-5,65536
560,2.963730046033701e-5,65536
561,2.789392984502307e-5,65536
562,2.39713459605667e-5,65536
563,3.1380671075650955e-5,65536
564,2.7022244537366098e-5,65536
565,3.094482842182247e-5,65536
566,2.3535503306738213e-5,65536
567,3.0073143114165495e-5,65536
568,2.309966065290973e-5,65536
569,2.9201457806508527e-5,65536
570,2.8329772498851555e-5,65536
571,3.0073143114165495e-5,65536
572,3.312404169096489e-5,65536
573,3.791831088307824e-5,65536
574,2.484303126822367e-5,65536
575,2.789392984502307e-5,65536
576,2.4407188614395185e-5,65536
577,2.876561515268004e-5,65536
578,2.571471657588064e-5,65536
579,2.9201457806508527e-5,65536
580,2.9201457806508527e-5,65536
581,2.3535503306738213e-5,65536
582,2.3535503306738213e-5,65536
583,2.1356290037595788e-5,65536
584,2.309966065290973e-5,65536
585,2.6586401883537614e-5,65536
586,2.4407188614395185e-5,65536
587,2.4407188614395185e-5,65536
588,2.6150559229709126e-5,65536
589,2.8329772498851555e-5,65536
590,2.8329772498851555e-5,65536
591,2.5278873922052157e-5,65536
592,2.7458087191194582e-5,65536
593,1.8741234114624875e-5,65536
594,2.2663817999081244e-5,65536
595,2.39713459605667e-5,65536
596,2.484303126822367e-5,65536
597,1.830539146079639e-5,65536
598,2.3535503306738213e-5,65536
599,2.39713459605667e-5,65536
600,2.3535503306738213e-5,65536
601,2.6150559229709126e-5,65536
602,2.4407188614395185e-5,65536
603,2.0920447383767304e-5,65536
604,1.917707676845336e-5,65536
605,2.6150559229709126e-5,65536
606,2.1792132691424272e-5,65536
607,2.4407188614395185e-5,65536
608,2.4407188614395185e-5,65536
609,2.004876207611033e-5,65536
610,2.7458087191194582e-5,65536
611,2.0920447383767304e-5,65536
612,2.8329772498851555e-5,65536
613,1.9612919422281847e-5,65536
614,2.309966065290973e-5,65536
615,2.6586401883537614e-5,65536
616,2.39713459605667e-5,65536
617,2.2663817999081244e-5,65536
618,2.6586401883537614e-5,65536
619,2.7458087191194582e-5,65536
620,1.917707676845336e-5,65536
621,2.1792132691424272e-5,65536
622,2.1792132691424272e-5,65536
623,2.2663817999081244e-5,65536
624,2.571471657588064e-5,65536
625,2.7022244537366098e-5,65536
626,1.7869548806967903e-5,65536
627,2.6586401883537614e-5,65536
628,1.743370615313942e-5,65536
629,2.0920447383767304e-5,65536
630,1.8741234114624875e-5,65536
631,2.6586401883537614e-5,65536
632,1.8741234114624875e-5,65536
633,2.004876207611033e-5,65536
634,2.1792132691424272e-5,65536
635,2.5278873922052157e-5,65536
636,1.917707676845336e-5,65536
637,2.0920447383767304e-5,65536
638,3.0073143114165495e-5,65536
639,2.1356290037595788e-5,65536
640,1.743370615313942e-5,65536
641,1.917707676845336e-5,65536
642,2.0484604729938816e-5,65536
643,2.1356290037595788e-5,65536
644,2.0484604729938816e-5,65536
645,2.1356290037595788e-5,65536
646,2.39713459605667e-5,65536
647,2.2663817999081244e-5,65536
648,2.3535503306738213e-5,65536
649,1.5254492883996992e-5,65536
650,2.004876207611033e-5,65536
651,1.7869548806967903e-5,65536
652,1.6562020845482446e-5,65536
653,2.2663817999081244e-5,65536
654,1.917707676845336e-5,65536
655,2.2227975345252757e-5,65536
656,2.4407188614395185e-5,65536
657,2.0484604729938816e-5,65536
658,2.1356290037595788e-5,65536
659,1.5690335537825478e-5,65536
660,1.3511122268683049e-5,65536
661,1.743370615313942e-5,65536
662,2.004876207611033e-5,65536
663,1.6997863499310934e-5,65536
664,1.917707676845336e-5,65536
665,2.2663817999081244e-5,65536
666,1.917707676845336e-5,65536
667,1.7869548806967903e-5,65536
668,1.6997863499310934e-5,65536
669,1.917707676845336e-5,65536
670,2.2663817999081244e-5,65536
671,2.0920447383767304e-5,65536
672,1.830539146079639e-5,65536
673,1.4818650230168506e-5,65536
674,1.438280757634002e-5,65536
675,1.7869548806967903e-5,65536
676,2.2663817999081244e-5,65536
677,1.830539146079639e-5,65536
678,1.6562020845482446e-5,65536
679,1.7869548806967903e-5,65536
680,2.004876207611033e-5,65536
681,2.2663817999081244e-5,65536
682,1.3946964922511535e-5,65536
683,2.004876207611033e-5,65536
684,1.438280757634002e-5,65536
685,1.3511122268683049e-5,65536
686,2.004876207611033e-5,65536
687,1.3075279614854563e-5,65536
688,1.6562020845482446e-5,65536
689,1.830539146079639e-5,65536
690,1.2203594307197593e-5,65536
691,1.4818650230168506e-5,65536
692,1.8741234114624875e-5,65536
693,1.8741234114624875e-5,65536
694,1.3946964922511535e-5,65536
695,2.3535503306738213e-5,65536
696,1.7869548806967903e-5,65536
697,1.743370615313942e-5,65536
698,2.004876207611033e-5,65536
699,1.6126178191653962e-5,65536
700,1.7869548806967903e-5,65536
701,1.6997863499310934e-5,65536
702,1.6126178191653962e-5,65536
703,1.3511122268683049e-5,65536
704,1.6997863499310934e-5,65536
705,1.7869548806967903e-5,65536
706,1.5254492883996992e-5,65536
707,7.409325115084253e-6,65536
708,1.5690335537825478e-5,65536
709,2.0484604729938816e-5,65536
710,1.7869548806967903e-5,65536
711,1.438280757634002e-5,65536
712,2.3535503306738213e-5,65536
713,1.830539146079639e-5,65536
714,1.4818650230168506e-5,65536
715,1.6126178191653962e-5,65536
716,1.4818650230168506e-5,65536
717,1.2203594307197593e-5,65536
718,1.6997863499310934e-5,65536
719,1.3511122268683049e-5,65536
720,1.6997863499310934e-5,65536
721,1.3946964922511535e-5,65536
722,1.6997863499310934e-5,65536
723,1.5254492883996992e-5,65536
724,1.5690335537825478e-5,65536
725,1.917707676845336e-5,65536
726,1.5254492883996992e-5,65536
727,1.5254492883996992e-5,65536
728,1.3511122268683049e-5,65536
729,1.6997863499310934e-5,65536
730,1.5254492883996992e-5,65536
731,1.3946964922511535e-5,65536
732,1.743370615313942e-5,65536
733,1.2639436961026079e-5,65536
734,1.2203594307197593e-5,65536
735,1.3075279614854563e-5,65536
736,1.830539146079639e-5,65536
737,1.0896066345712136e-5,65536
738,1.743370615313942e-5,65536
739,1.1331908999540622e-5,65536
740,1.0024381038055166e-5,65536
741,1.2203594307197593e-5,65536
742,1.6562020845482446e-5,65536
743,1.4818650230168506e-5,65536
744,1.2203594307197593e-5,65536
745,9.152695730398195e-6,65536
746,1.2203594307197593e-5,65536
747,1.3511122268683049e-5,65536
748,1.2639436961026079e-5,65536
749,1.6562020845482446e-5,65536
750,1.2203594307197593e-5,65536
751,1.3075279614854563e-5,65536
752,1.5690335537825478e-5,65536
753,1.438280757634002e-5,65536
754,1.438280757634002e-5,65536
755,1.3075279614854563e-5,65536
756,1.6997863499310934e-5,65536
757,1.4818650230168506e-5,65536
758,1.1331908999540622e-5,65536
759,1.0896066345712136e-5,65536
760,1.3075279614854563e-5,65536
761,1.3075279614854563e-5,65536
762,1.5254492883996992e-5,65536
763,1.0896066345712136e-5,65536
764,1.5690335537825478e-5,65536
765,9.152695730398195e-6,65536
766,1.2639436961026079e-5,65536
767,1.5254492883996992e-5,65536
768,1.5254492883996992e-5,65536
769,1.0460223691883652e-5,65536
770,1.438280757634002e-5,65536
771,1.0024381038055166e-5,65536
772,1.743370615313942e-5,65536
773,1.6997863499310934e-5,65536
774,1.2639436961026079e-5,65536
775,1.0460223691883652e-5,65536
776,1.3075279614854563e-5,65536
777,1.0896066345712136e-5,65536
778,1.3511122268683049e-5,65536
779,1.438280757634002e-5,65536
780,1.3946964922511535e-5,65536
781,1.4818650230168506e-5,65536
782,1.3075279614854563e-5,65536
783,1.0896066345712136e-5,65536
784,1.438280757634002e-5,65536
785,1.3946964922511535e-5,65536
786,7.409325115084253e-6,65536
787,9.58853838422668e-6,65536
788,1.2203594307197593e-5,65536
789,1.4818650230168506e-5,65536
790,1.6562020845482446e-5,65536
791,1.438280757634002e-5,65536
792,9.152695730398195e-6,65536
793,8.281010422741223e-6,65536
794,9.58853838422668e-6,65536
795,1.2203594307197593e-5,65536
796,1.1767751653369107e-5,65536
797,1.6126178191653962e-5,65536
798,1.3511122268683049e-5,65536
799,2.0484604729938816e-5,65536
800,1.1767751653369107e-5,65536
801,8.281010422741223e-6,65536
802,1.3075279614854563e-5,65536
803,1.3075279614854563e-5,65536
804,9.58853838422668e-6,65536
805,8.71685307656971e-6,65536
806,1.2639436961026079e-5,65536
807,1.3946964922511535e-5,65536
808,1.0024381038055166e-5,65536
809,1.0460223691883652e-5,65536
810,1.0896066345712136e-5,65536
811,1.1331908999540622e-5,65536
812,1.1767751653369107e-5,65536
813,1.0460223691883652e-5,65536
814,1.1767751653369107e-5,65536
815,1.3511122268683049e-5,65536
816,1.1331908999540622e-5,65536
817,1.0896066345712136e-5,65536
818,9.152695730398195e-6,65536
819,1.1331908999540622e-5,65536
820,1.0024381038055166e-5,65536
821,1.2203594307197593e-5,65536
822,9.58853838422668e-6,65536
823,8.281010422741223e-6,65536
824,1.0896066345712136e-5,65536
825,1.3946964922511535e-5,65536
826,9.58853838422668e-6,65536
827,9.58853838422668e-6,65536
828,1.0460223691883652e-5,65536
829,1.0024381038055166e-5,65536
830,8.281010422741223e-6,65536
831,1.0896066345712136e-5,65536
832,7.409325115084253e-6,65536
833,9.152695730398195e-6,65536
834,6.9734824612557676e-6,65536
835,1.2203594307197593e-5,65536
836,8.281010422741223e-6,65536
837,1.2203594307197593e-5,65536
838,1.0024381038055166e-5,65536
839,1.2639436961026079e-5,65536
840,1.0460223691883652e-5,65536
841,1.4818650230168506e-5,65536
842,9.58853838422668e-6,65536
843,9.58853838422668e-6,65536
844,1.0460223691883652e-5,65536
845,1.0024381038055166e-5,65536
846,1.0460223691883652e-5,65536
847,1.0024381038055166e-5,65536
848,1.1767751653369107e-5,65536
849,9.58853838422668e-6,65536
850,9.152695730398195e-6,65536
851,9.152695730398195e-6,65536
852,1.0896066345712136e-5,65536
853,1.3075279614854563e-5,65536
854,9.58853838422668e-6,65536
855,1.0460223691883652e-5,65536
856,1.0896066345712136e-5,65536
857,6.101797153598796e-6,65536
858,1.1767751653369107e-5,65536
859,1.0896066345712136e-5,65536
860,1.3075279614854563e-5,65536
861,1.1767751653369107e-5,65536
862,1.0024381038055166e-5,65536
863,1.3511122268683049e-5,65536
864,7.409325115084253e-6,65536
865,1.3075279614854563e-5,65536
866,1.4818650230168506e-5,65536
867,1.0460223691883652e-5,65536
868,9.152695730398195e-6,65536
869,1.0896066345712136e-5,65536
870,1.1767751653369107e-5,65536
871,9.152695730398195e-6,65536
872,9.58853838422668e-6,65536
873,1.2639436961026079e-5,65536
874,1.3946964922511535e-5,65536
875,1.1767751653369107e-5,65536
876,9.58853838422668e-6,65536
877,8.281010422741223e-6,65536
878,8.281010422741223e-6,65536
879,1.1331908999540622e-5,65536
880,1.2203594307197593e-5,65536
881,1.0460223691883652e-5,65536
882,7.845167768912739e-6,65536
883,8.281010422741223e-6,65536
884,9.152695730398195e-6,65536
885,8.71685307656971e-6,65536
886,7.409325115084253e-6,65536
887,6.101797153598796e-6,65536
888,9.58853838422668e-6,65536
889,1.0896066345712136e-5,65536
890,8.281010422741223e-6,65536
891,8.281010422741223e-6,65536
892,1.0460223691883652e-5,65536
893,1.1767751653369107e-5,65536
894,8.71685307656971e-6,65536
895,8.281010422741223e-6,65536
896,1.0896066345712136e-5,65536
897,6.9734824612557676e-6,65536
898,1.4818650230168506e-5,65536
899,8.71685307656971e-6,65536
900,1.0896066345712136e-5,65536
901,6.9734824612557676e-6,65536
902,9.152695730398195e-6,65536
903,6.101797153598796e-6,65536
904,1.3075279614854563e-5,65536
905,9.152695730398195e-6,65536
906,1.0896066345712136e-5,65536
907,1.0896066345712136e-5,65536
908,8.281010422741223e-6,65536
909,1.2203594307197593e-5,65536
910,1.1331908999540622e-5,65536
911,7.409325115084253e-6,65536
912,1.2639436961026079e-5,65536
913,8.281010422741223e-6,65536
914,4.79426919211334e-6,65536
915,1.3511122268683049e-5,65536
916,1.0024381038055166e-5,65536
917,9.152695730398195e-6,65536
918,1.1767751653369107e-5,65536
919,9.58853838422668e-6,65536
920,6.101797153598796e-6,65536
921,8.281010422741223e-6,65536
922,1.3511122268683049e-5,65536
923,1.1767751653369107e-5,65536
924,9.58853838422668e-6,65536
925,1.0896066345712136e-5,65536
926,9.152695730398195e-6,65536
927,6.5376398074272815e-6,65536
928,8.71685307656971e-6,65536
929,1.3075279614854563e-5,65536
930,7.845167768912739e-6,65536
931,6.9734824612557676e-6,65536
932,6.9734824612557676e-6,65536
933,1.3511122268683049e-5,65536
934,8.281010422741223e-6,65536
935,6.5376398074272815e-6,65536
936,1.1331908999540622e-5,65536
937,1.0024381038055166e-5,65536
938,7.409325115084253e-6,65536
939,1.0024381038055166e-5,65536
940,6.101797153598796e-6,65536
941,6.9734824612557676e-6,65536
942,6.9734824612557676e-6,65536
943,9.152695730398195e-6,65536
944,1.0460223691883652e-5,65536
945,6.9734824612557676e-6,65536
946,7.409325115084253e-6,65536
947,7.409325115084253e-6,65536
948,7.409325115084253e-6,65536
949,8.71685307656971e-6,65536
950,9.152695730398195e-6,65536
951,5.665954499770311e-6,65536
952,8.281010422741223e-6,65536
953,5.665954499770311e-6,65536
954,1.1767751653369107e-5,65536
955,1.0024381038055166e-5,65536
956,9.152695730398195e-6,65536
957,6.101797153598796e-6,65536
958,6.5376398074272815e-6,65536
959,1.0024381038055166e-5,65536
960,1.0896066345712136e-5,65536
961,1.0896066345712136e-5,65536
962,9.58853838422668e-6,65536
963,1.0460223691883652e-5,65536
964,6.9734824612557676e-6,65536
965,7.409325115084253e-6,65536
966,1.2203594307197593e-5,65536
967,6.101797153598796e-6,65536
968,8.71685307656971e-6,65536
969,8.281010422741223e-6,65536
970,5.665954499770311e-6,65536
971,7.409325115084253e-6,65536
972,6.5376398074272815e-6,65536
973,8.71685307656971e-6,65536
974,7.409325115084253e-6,65536
975,4.79426919211334e-6,65536
976,1.0460223691883652e-5,65536
977,6.5376398074272815e-6,65536
978,1.1331908999540622e-5,65536
979,7.845167768912739e-6,65536
980,9.58853838422668e-6,65536
981,1.0896066345712136e-5,65536
982,9.152695730398195e-6,65536
983,7.845167768912739e-6,65536
984,5.665954499770311e-6,65536
985,8.281010422741223e-6,65536
986,1.3075279614854563e-5,65536
987,9.152695730398195e-6,65536
988,8.281010422741223e-6,65536
989,6.9734824612557676e-6,65536
990,8.71685307656971e-6,65536
991,4.79426919211334e-6,65536
992,4.358426538284855e-6,65536
993,8.281010422741223e-6,65536
994,6.5376398074272815e-6,65536
995,6.5376398074272815e-6,65536
996,6.9734824612557676e-6,65536
997,5.230111845941826e-6,65536
998,9.152695730398195e-6,65536
999,7.845167768912739e-6,65536
1e3,7.409325115084253e-6,65536
1001,6.5376398074272815e-6,65536
1002,6.101797153598796e-6,65536
1003,7.409325115084253e-6,65536
1004,9.58853838422668e-6,65536
1005,9.152695730398195e-6,65536
1006,7.409325115084253e-6,65536
1007,5.665954499770311e-6,65536
1008,8.281010422741223e-6,65536
1009,5.665954499770311e-6,65536
1010,8.71685307656971e-6,65536
1011,6.5376398074272815e-6,65536
1012,6.9734824612557676e-6,65536
1013,7.845167768912739e-6,65536
1014,8.71685307656971e-6,65536
1015,9.58853838422668e-6,65536
1016,7.845167768912739e-6,65536
1017,6.5376398074272815e-6,65536
1018,4.79426919211334e-6,65536
1019,8.71685307656971e-6,65536
1020,6.9734824612557676e-6,65536
1021,8.71685307656971e-6,65536
1022,6.5376398074272815e-6,65536
1023,6.9734824612557676e-6,65536
1024,7.409325115084253e-6,65536
1025,9.152695730398195e-6,65536
1026,3.4867412306278838e-6,65536
1027,8.281010422741223e-6,65536
1028,6.101797153598796e-6,65536
1029,1.0896066345712136e-5,65536
1030,9.58853838422668e-6,65536
1031,6.101797153598796e-6,65536
1032,7.409325115084253e-6,65536
1033,6.5376398074272815e-6,65536
1034,6.5376398074272815e-6,65536
1035,5.665954499770311e-6,65536
1036,7.409325115084253e-6,65536
1037,9.58853838422668e-6,65536
1038,6.9734824612557676e-6,65536
1039,6.101797153598796e-6,65536
1040,7.845167768912739e-6,65536
1041,6.5376398074272815e-6,65536
1042,5.665954499770311e-6,65536
1043,5.665954499770311e-6,65536
1044,7.845167768912739e-6,65536
1045,6.101797153598796e-6,65536
1046,6.101797153598796e-6,65536
1047,1.0024381038055166e-5,65536
1048,6.101797153598796e-6,65536
1049,4.358426538284855e-6,65536
1050,7.409325115084253e-6,65536
1051,6.9734824612557676e-6,65536
1052,4.79426919211334e-6,65536
1053,8.281010422741223e-6,65536
1054,6.5376398074272815e-6,65536
1055,6.101797153598796e-6,65536
1056,7.409325115084253e-6,65536
1057,7.845167768912739e-6,65536
1058,8.281010422741223e-6,65536
1059,5.665954499770311e-6,65536
1060,6.5376398074272815e-6,65536
1061,8.71685307656971e-6,65536
1062,9.58853838422668e-6,65536
1063,6.101797153598796e-6,65536
1064,6.101797153598796e-6,65536
1065,8.71685307656971e-6,65536
1066,7.409325115084253e-6,65536
1067,8.281010422741223e-6,65536
1068,9.152695730398195e-6,65536
1069,7.845167768912739e-6,65536
1070,6.9734824612557676e-6,65536
1071,6.5376398074272815e-6,65536
1072,5.665954499770311e-6,65536
1073,1.7433706153139419e-6,65536
1074,8.281010422741223e-6,65536
1075,3.4867412306278838e-6,65536
1076,8.281010422741223e-6,65536
1077,7.845167768912739e-6,65536
1078,6.5376398074272815e-6,65536
1079,6.9734824612557676e-6,65536
1080,8.71685307656971e-6,65536
1081,9.152695730398195e-6,65536
1082,4.79426919211334e-6,65536
1083,8.281010422741223e-6,65536
1084,7.409325115084253e-6,65536
1085,3.922583884456369e-6,65536
1086,4.358426538284855e-6,65536
1087,7.845167768912739e-6,65536
1088,8.281010422741223e-6,65536
1089,5.230111845941826e-6,65536
1090,6.5376398074272815e-6,65536
1091,7.845167768912739e-6,65536
1092,5.230111845941826e-6,65536
1093,3.922583884456369e-6,65536
1094,7.409325115084253e-6,65536
1095,3.922583884456369e-6,65536
1096,6.9734824612557676e-6,65536
1097,6.5376398074272815e-6,65536
1098,6.101797153598796e-6,65536
1099,6.5376398074272815e-6,65536
1100,5.665954499770311e-6,65536
1101,3.050898576799398e-6,65536
1102,3.4867412306278838e-6,65536
1103,6.9734824612557676e-6,65536
1104,2.615055922970913e-6,65536
1105,7.409325115084253e-6,65536
1106,6.101797153598796e-6,65536
1107,4.79426919211334e-6,65536
1108,4.358426538284855e-6,65536
1109,4.79426919211334e-6,65536
1110,4.79426919211334e-6,65536
1111,3.4867412306278838e-6,65536
1112,5.230111845941826e-6,65536
1113,4.79426919211334e-6,65536
1114,4.79426919211334e-6,65536
1115,5.230111845941826e-6,65536
1116,6.5376398074272815e-6,65536
1117,7.845167768912739e-6,65536
1118,4.79426919211334e-6,65536
1119,7.845167768912739e-6,65536
1120,6.101797153598796e-6,65536
1121,6.9734824612557676e-6,65536
1122,4.79426919211334e-6,65536
1123,6.9734824612557676e-6,65536
1124,6.9734824612557676e-6,65536
1125,3.922583884456369e-6,65536
1126,6.5376398074272815e-6,65536
1127,6.101797153598796e-6,65536
1128,5.230111845941826e-6,65536
1129,6.5376398074272815e-6,65536
1130,9.152695730398195e-6,65536
1131,5.665954499770311e-6,65536
1132,3.922583884456369e-6,65536
1133,5.665954499770311e-6,65536
1134,6.5376398074272815e-6,65536
1135,6.9734824612557676e-6,65536
1136,3.050898576799398e-6,65536
1137,4.79426919211334e-6,65536
1138,6.9734824612557676e-6,65536
1139,3.922583884456369e-6,65536
1140,7.845167768912739e-6,65536
1141,6.101797153598796e-6,65536
1142,3.050898576799398e-6,65536
1143,4.358426538284855e-6,65536
1144,5.665954499770311e-6,65536
1145,4.358426538284855e-6,65536
1146,4.358426538284855e-6,65536
1147,6.101797153598796e-6,65536
1148,3.922583884456369e-6,65536
1149,6.9734824612557676e-6,65536
1150,6.101797153598796e-6,65536
1151,3.922583884456369e-6,65536
1152,3.922583884456369e-6,65536
1153,3.050898576799398e-6,65536
1154,3.922583884456369e-6,65536
1155,6.9734824612557676e-6,65536
1156,5.665954499770311e-6,65536
1157,3.922583884456369e-6,65536
1158,2.1792132691424273e-6,65536
1159,3.922583884456369e-6,65536
1160,4.358426538284855e-6,65536
1161,8.281010422741223e-6,65536
1162,5.230111845941826e-6,65536
1163,3.922583884456369e-6,65536
1164,3.4867412306278838e-6,65536
1165,4.79426919211334e-6,65536
1166,6.101797153598796e-6,65536
1167,3.922583884456369e-6,65536
1168,5.230111845941826e-6,65536
1169,3.050898576799398e-6,65536
1170,5.230111845941826e-6,65536
1171,5.665954499770311e-6,65536
1172,4.358426538284855e-6,65536
1173,4.79426919211334e-6,65536
1174,4.79426919211334e-6,65536
1175,4.358426538284855e-6,65536
1176,5.230111845941826e-6,65536
1177,3.922583884456369e-6,65536
1178,1.7433706153139419e-6,65536
1179,9.152695730398195e-6,65536
1180,3.922583884456369e-6,65536
1181,3.050898576799398e-6,65536
1182,4.358426538284855e-6,65536
1183,6.101797153598796e-6,65536
1184,3.4867412306278838e-6,65536
1185,4.79426919211334e-6,65536
1186,3.922583884456369e-6,65536
1187,4.79426919211334e-6,65536
1188,3.922583884456369e-6,65536
1189,2.615055922970913e-6,65536
1190,7.409325115084253e-6,65536
1191,3.4867412306278838e-6,65536
1192,3.050898576799398e-6,65536
1193,3.050898576799398e-6,65536
1194,7.409325115084253e-6,65536
1195,4.79426919211334e-6,65536
1196,3.922583884456369e-6,65536
1197,5.230111845941826e-6,65536
1198,5.665954499770311e-6,65536
1199,3.4867412306278838e-6,65536
1200,3.4867412306278838e-6,65536
